<?xml version="1.0" encoding="UTF-8"?>
<project-private xmlns="http://www.netbeans.org/ns/project-private/1">
    <editor-bookmarks xmlns="http://www.netbeans.org/ns/editor-bookmarks/2" lastBookmarkId="0"/>
    <open-files xmlns="http://www.netbeans.org/ns/projectui-open-files/2">
        <group name="ProjetCandidat">
            <file>file://192.168.2.19/Users/user/Documents/Projet%20Candidat/webApplication/src/java/actions/SalonAction.java</file>
            <file>file://192.168.2.19/Users/user/Documents/Projet%20Candidat/webApplication/src/java/actions/CandidatAction.java</file>
            <file>file://192.168.2.19/Users/user/Documents/Projet%20Candidat/webApplication/src/java/actions/actionAbstract.java</file>
        </group>
        <group name="Projet Candidat">
            <file>file://192.168.2.19/Users/user/Documents/Projet%20Candidat/webApplication/src/java/actions/actionAbstract.java</file>
            <file>file://192.168.2.19/Users/user/Documents/Projet%20Candidat/webApplication/web/porteouv/form.jsp.html</file>
            <file>file://192.168.2.19/Users/user/Documents/Projet%20Candidat/webApplication/web/WEB-INF/struts-config.xml</file>
        </group>
        <group>
            <file>file://MORPHEUS-009/Users/user/Documents/Projet%20Candidat/webApplication/src/java/hibernate.cfg.xml</file>
            <file>file://MORPHEUS-009/Users/user/Documents/Projet%20Candidat/webApplication/src/java/actions/SalonAction.java</file>
        </group>
    </open-files>
</project-private>
